Infraestructura,Clima,Deporte,Restaurantes / Servicios Comid,Vegetación/ Fauna,Transporte,Turismo,Publicaciones acerca de arquitectura,Mapas y Navegación,Inmobiliario,Estacionamiento y movilidad,Demografia,Experiencias Inmersivas
CityEngine,OpenWeatherMap,MapmyIndia,Foursquare,iNaturalist,Cabify,Pocketsights,ArchDaily,Google Maps,TripAdvisor,Estacionamientos Cerca,INEGI Mapa Digital,Google Street View
Esri Urban,RainToday,Navmii,Wolt,PlantNet,Uber,GeoFeedia,Architizer,Google Earth,Airbnb,Parkimovil,HumanTerrain,KartaView
UrbanFootprint,Dark Sky,Sygic,Foodpanda,Flora Incognita,Didi,Foursquare,ArchitectureAU,Open Street Maps,Booking.com,ParkNow,World Bank Open Data,Mapillary
Placemeter,Ventusky,Bikemap,Zomato,Leafsnap,Bolt,EarthCam,Arquine,Bing Maps,Yelp,Parclick,unsd,Bing Maps Streetside
Urban Observatory,Windy,Runkeeper,Uber Eats,PictureThis,Citymapper,City-Data,,MapQuest,AllStays,ValetMX,Eurostat,Bee Maps
Streetmix,Weather Underground,AllTrails,Rappi,,Moovit,Geonames,,Apple Maps,iOverlander,ParkMobile,,
ArcGIS Online,AccuWeather,Nextdoor,MyFitnessPal,,Transit,National Geographic Maps,,Here Maps,Roadtrippers,SpotHero,,
Mapa Digital de México del INEGI,,Waze Carpool,SinDelantal,,Waze,Nextdoor,,TomTom,Zillow,ParkWhiz,,
TopoView,,Lime,Rappi,,Beat,Urban Observatory,,Mapbox,Realtor.com,Turo,,
CartoDB,,Strava,Cornershop,,Geotab,,,GPS Visualizer,Redfin,Zipcar,,
Mapzen,,Nike Run Club,Glovo,,Easy Taxi,,,TomTom,Propiedades.com,Car2Go,,
CityGML,,Runkeeper,Carrot,,Yaxi,,,Geocodio,Inmuebles24,Lime,,
Esri Living Atlas of the World,,MyFitnessPal,Yelp,,Grin,,,Leaflet,Vivanuncios,Bird,,
OpenAddresses,,AllTrails,,,Lime,,,MapQuest,MercadoLibre Inmuebles,Spin,,
,,REI Co-op Guide,,,Mobike,,,OpenCage Geocoder,Properati,Skip,,
,,ViewRanger,,,Biko,,,Mappy,Casas y Terrenos,Scoot,,
,,Gaia GPS,,,BikeShareMX,,,Mapillary,Century 21 México,JUMP,,
,,CalTopo,,,CityBikeMX,,,Geojson.io,WalkScore,Limebike,,
,,Avenza Maps,,,PedalMX,,,Here,,,,
,,Gaiagps,,,EcoBici CDMX,,,Sygic,,,,
,,,,,ViaDF,,,Mapbox,,,,
,,,,,Gasoapp,,,OSMAnd,,,,
,,,,,AhorraGas,,,TopoExport,,,,
,,,,,Gasmapp,,,,,,,
